https://github.com/saltstack/salt/pull/54025/files, https://github.com/saltstack/salt/pull/54024/files, 0, neon
https://github.com/saltstack/salt/pull/54023/files, https://github.com/saltstack/salt/pull/54022/files, 1, neon
https://github.com/saltstack/salt/pull/53997/files, https://github.com/saltstack/salt/pull/53996/files, 0, neon
https://github.com/saltstack/salt/pull/53993/files, https://github.com/saltstack/salt/pull/53992/files, 48, neon
https://github.com/saltstack/salt/pull/53941/files, https://github.com/saltstack/salt/pull/53447/files, 30, neon
https://github.com/saltstack/salt/pull/53898/files, https://github.com/saltstack/salt/pull/49133/files, 18, 2018.3
https://github.com/saltstack/salt/pull/53442/files, https://github.com/saltstack/salt/pull/53345/files, 24, neon
https://github.com/saltstack/salt/pull/53441/files, https://github.com/saltstack/salt/pull/53326/files, 38, neon
https://github.com/saltstack/salt/pull/53440/files, https://github.com/saltstack/salt/pull/53167/files, 40, neon
https://github.com/saltstack/salt/pull/53439/files, https://github.com/saltstack/salt/pull/52699/files, 90, neon
https://github.com/saltstack/salt/pull/51423/files, https://github.com/saltstack/salt/pull/50834/files, 1, 2019.2
https://github.com/saltstack/salt/pull/51420/files, https://github.com/saltstack/salt/pull/50635/files, 8, 2019.2
https://github.com/saltstack/salt/pull/51418/files, https://github.com/saltstack/salt/pull/50541/files, 0, 2019.2
https://github.com/saltstack/salt/pull/51411/files, https://github.com/saltstack/salt/pull/50175/files, 1, 2019.2
https://github.com/saltstack/salt/pull/51409/files, https://github.com/saltstack/salt/pull/50125/files, 1, 2019.2
https://github.com/saltstack/salt/pull/51408/files, https://github.com/saltstack/salt/pull/49804/files, 42, 2019.2
https://github.com/saltstack/salt/pull/50831/files, https://github.com/saltstack/salt/pull/50810/files, 1, fluorine
https://github.com/saltstack/salt/pull/50379/files, https://github.com/saltstack/salt/pull/50356/files, 31, fluorine
https://github.com/saltstack/salt/pull/50321/files, https://github.com/saltstack/salt/pull/50296/files, 51, 2018.3
https://github.com/saltstack/salt/pull/50308/files, https://github.com/saltstack/salt/pull/50182/files, 100, 2018.3
https://github.com/saltstack/salt/pull/50145/files, https://github.com/saltstack/salt/pull/45054/files, 99, develop
https://github.com/saltstack/salt/pull/50111/files, https://github.com/saltstack/salt/pull/50109/files, 23, fluorine
https://github.com/saltstack/salt/pull/50037/files, https://github.com/saltstack/salt/pull/49994/files, 9, fluorine
https://github.com/saltstack/salt/pull/49540/files, https://github.com/saltstack/salt/pull/49510/files, 11, fluorine
https://github.com/saltstack/salt/pull/49091/files, https://github.com/saltstack/salt/pull/47337/files, 6, 2018.3
https://github.com/saltstack/salt/pull/49041/files, https://github.com/saltstack/salt/pull/48212/files, 3, 2017.7.8
https://github.com/saltstack/salt/pull/48970/files, https://github.com/saltstack/salt/pull/48962/files, 0, 2017.7.8
https://github.com/saltstack/salt/pull/47162/files, https://github.com/saltstack/salt/pull/47161/files, 54, 2018.3
https://github.com/saltstack/salt/pull/45501/files, https://github.com/saltstack/salt/pull/45498/files, 70, 2017.7.3
https://github.com/saltstack/salt/pull/43700/files, https://github.com/saltstack/salt/pull/43684/files, 40, 2017.7
https://github.com/saltstack/salt/pull/42837/files, https://github.com/saltstack/salt/pull/42835/files, 90, 2016.3
https://github.com/saltstack/salt/pull/42836/files, https://github.com/saltstack/salt/pull/42835/files, 96, 2016.11
https://github.com/saltstack/salt/pull/42795/files, https://github.com/saltstack/salt/pull/42744/files, 1, 2016.11
https://github.com/saltstack/salt/pull/41319/files, https://github.com/saltstack/salt/pull/41307/files, 1, 2016.11
https://github.com/saltstack/salt/pull/41303/files, https://github.com/saltstack/salt/pull/41301/files, 1, 2016.11
https://github.com/saltstack/salt/pull/41282/files, https://github.com/saltstack/salt/pull/41247/files, 0, nitrogen
https://github.com/saltstack/salt/pull/40785/files, https://github.com/saltstack/salt/pull/40716/files, 16, 2016.11
https://github.com/saltstack/salt/pull/40562/files, https://github.com/saltstack/salt/pull/40481/files, 100, 2016.3
https://github.com/saltstack/salt/pull/40255/files, https://github.com/saltstack/salt/pull/40253/files, 1, 2016.11
https://github.com/saltstack/salt/pull/39948/files, https://github.com/saltstack/salt/pull/27937/files, 100, develop
https://github.com/saltstack/salt/pull/39521/files, https://github.com/saltstack/salt/pull/37366/files, 84, 2016.11
https://github.com/saltstack/salt/pull/39211/files, https://github.com/saltstack/salt/pull/38404/files, 37, 2016.11
https://github.com/saltstack/salt/pull/37866/files, https://github.com/saltstack/salt/pull/37856/files, 67, 2016.3
https://github.com/saltstack/salt/pull/37857/files, https://github.com/saltstack/salt/pull/37149/files, 59, 2015.8
https://github.com/saltstack/salt/pull/37856/files, https://github.com/saltstack/salt/pull/36784/files, 15, 2015.8
https://github.com/saltstack/salt/pull/36823/files, https://github.com/saltstack/salt/pull/36806/files, 63, 2016.3
https://github.com/saltstack/salt/pull/36424/files, https://github.com/saltstack/salt/pull/36194/files, 0, 2016.3
https://github.com/saltstack/salt/pull/35855/files, https://github.com/saltstack/salt/pull/35483/files, 100, 2016.3
https://github.com/saltstack/salt/pull/35682/files, https://github.com/saltstack/salt/pull/35059/files, 74, 2016.3
https://github.com/saltstack/salt/pull/34333/files, https://github.com/saltstack/salt/pull/33734/files, 1, 2016.3
https://github.com/saltstack/salt/pull/34009/files, https://github.com/saltstack/salt/pull/33948/files, 21, 2016.3
https://github.com/saltstack/salt/pull/33682/files, https://github.com/saltstack/salt/pull/33599/files, 0, 2016.3
https://github.com/saltstack/salt/pull/33314/files, https://github.com/saltstack/salt/pull/28325/files, 1, 2015.8
https://github.com/saltstack/salt/pull/33245/files, https://github.com/saltstack/salt/pull/33244/files, 12, 2015.8
https://github.com/saltstack/salt/pull/32851/files, https://github.com/saltstack/salt/pull/32732/files, 1, 2016.3
https://github.com/saltstack/salt/pull/32848/files, https://github.com/saltstack/salt/pull/32732/files, 2, 2015.5
https://github.com/saltstack/salt/pull/32847/files, https://github.com/saltstack/salt/pull/32732/files, 1, 2015.8
https://github.com/saltstack/salt/pull/32663/files, https://github.com/saltstack/salt/pull/31319/files, 43, 2016.3
https://github.com/saltstack/salt/pull/31684/files, https://github.com/saltstack/salt/pull/31533/files, 91, develop
https://github.com/saltstack/salt/pull/31279/files, https://github.com/saltstack/salt/pull/31249/files, 1, develop
https://github.com/saltstack/salt/pull/30888/files, https://github.com/saltstack/salt/pull/30797/files, 0, 2015.8
https://github.com/saltstack/salt/pull/30760/files, https://github.com/saltstack/salt/pull/27952/files, 1, 2015.5
https://github.com/saltstack/salt/pull/30025/files, https://github.com/saltstack/salt/pull/29725/files, 85, 2015.5
https://github.com/saltstack/salt/pull/28294/files, https://github.com/saltstack/salt/pull/25668/files, 86, 2015.8
https://github.com/saltstack/salt/pull/28138/files, https://github.com/saltstack/salt/pull/28130/files, 11, 2015.5
https://github.com/saltstack/salt/pull/27565/files, https://github.com/saltstack/salt/pull/27559/files, 100, develop
https://github.com/saltstack/salt/pull/27502/files, https://github.com/saltstack/salt/pull/25162/files, 7, 2015.8
https://github.com/saltstack/salt/pull/27023/files, https://github.com/saltstack/salt/pull/21649/files, 64, 2015.5
https://github.com/saltstack/salt/pull/26674/files, https://github.com/saltstack/salt/pull/26583/files, 3, 2015.8
https://github.com/saltstack/salt/pull/26488/files, https://github.com/saltstack/salt/pull/26212/files, 85, 2015.8
https://github.com/saltstack/salt/pull/26297/files, https://github.com/saltstack/salt/pull/26295/files, 0, 2015.8
https://github.com/saltstack/salt/pull/25365/files, https://github.com/saltstack/salt/pull/24531/files, 96, develop
https://github.com/saltstack/salt/pull/25184/files, https://github.com/saltstack/salt/pull/25126/files, 0, 2015.8
https://github.com/saltstack/salt/pull/25180/files, https://github.com/saltstack/salt/pull/25088/files, 66, 2015.5
https://github.com/saltstack/salt/pull/25173/files, https://github.com/saltstack/salt/pull/25019/files, 90, 2015.5
https://github.com/saltstack/salt/pull/24412/files, https://github.com/saltstack/salt/pull/23387/files, 3, 2015.5
https://github.com/saltstack/salt/pull/23866/files, https://github.com/saltstack/salt/pull/23834/files, 39, 2015.5
https://github.com/saltstack/salt/pull/23369/files, https://github.com/saltstack/salt/pull/23367/files, 1, 2015.2
https://github.com/saltstack/salt/pull/23368/files, https://github.com/saltstack/salt/pull/23367/files, 1, 2014.7
https://github.com/saltstack/salt/pull/23367/files, https://github.com/saltstack/salt/pull/18368/files, 99, develop
https://github.com/saltstack/salt/pull/23325/files, https://github.com/saltstack/salt/pull/567/files, 100, 2015.2
https://github.com/saltstack/salt/pull/23324/files, https://github.com/saltstack/salt/pull/567/files, 100, 2014.7
https://github.com/saltstack/salt/pull/23144/files, https://github.com/saltstack/salt/pull/23124/files, 91, 2014.7
https://github.com/saltstack/salt/pull/22924/files, https://github.com/saltstack/salt/pull/22829/files, 76, 2015.2
https://github.com/saltstack/salt/pull/22769/files, https://github.com/saltstack/salt/pull/22767/files, 46, 2015.2
https://github.com/saltstack/salt/pull/22656/files, https://github.com/saltstack/salt/pull/22624/files, 89, 2014.7
https://github.com/saltstack/salt/pull/22427/files, https://github.com/saltstack/salt/pull/22422/files, 60, 2015.2
https://github.com/saltstack/salt/pull/22349/files, https://github.com/saltstack/salt/pull/22005/files, 3, 2014.7
https://github.com/saltstack/salt/pull/22228/files, https://github.com/saltstack/salt/pull/22226/files, 23, 2014.7
https://github.com/saltstack/salt/pull/22227/files, https://github.com/saltstack/salt/pull/22226/files, 22, 2015.2
https://github.com/saltstack/salt/pull/22122/files, https://github.com/saltstack/salt/pull/20166/files, 33, 2014.7
https://github.com/saltstack/salt/pull/21949/files, https://github.com/saltstack/salt/pull/19165/files, 45, 2014.7
https://github.com/saltstack/salt/pull/21857/files, https://github.com/saltstack/salt/pull/21844/files, 1, 2014.7
https://github.com/saltstack/salt/pull/21854/files, https://github.com/saltstack/salt/pull/21791/files, 1, 2014.7
https://github.com/saltstack/salt/pull/21852/files, https://github.com/saltstack/salt/pull/21790/files, 2, 2014.7
https://github.com/saltstack/salt/pull/21523/files, https://github.com/saltstack/salt/pull/21481/files, 2, 2014.7
https://github.com/saltstack/salt/pull/21514/files, https://github.com/saltstack/salt/pull/21489/files, 79, 2014.7
https://github.com/saltstack/salt/pull/21500/files, https://github.com/saltstack/salt/pull/21468/files, 29, 2014.7
https://github.com/saltstack/salt/pull/21160/files, https://github.com/saltstack/salt/pull/21158/files, 100, 2015.2
https://github.com/saltstack/salt/pull/21104/files, https://github.com/saltstack/salt/pull/533/files, 100, 2015.2
https://github.com/saltstack/salt/pull/21103/files, https://github.com/saltstack/salt/pull/533/files, 100, 2014.7
https://github.com/saltstack/salt/pull/20576/files, https://github.com/saltstack/salt/pull/20354/files, 35, 2015.2
https://github.com/saltstack/salt/pull/20390/files, https://github.com/saltstack/salt/pull/20281/files, 3, 2014.7
https://github.com/saltstack/salt/pull/20207/files, https://github.com/saltstack/salt/pull/20156/files, 99, 2015.2
https://github.com/saltstack/salt/pull/20001/files, https://github.com/saltstack/salt/pull/19960/files, 4, 2014.7
https://github.com/saltstack/salt/pull/19800/files, https://github.com/saltstack/salt/pull/19798/files, 2, 2014.1
https://github.com/saltstack/salt/pull/16897/files, https://github.com/saltstack/salt/pull/16877/files, 43, 2014.7
https://github.com/saltstack/salt/pull/16041/files, https://github.com/saltstack/salt/pull/15967/files, 55, 2014.7
https://github.com/saltstack/salt/pull/16033/files, https://github.com/saltstack/salt/pull/15877/files, 23, 2014.7
https://github.com/saltstack/salt/pull/15669/files, https://github.com/saltstack/salt/pull/15405/files, 100, 2014.1
https://github.com/saltstack/salt/pull/12729/files, https://github.com/saltstack/salt/pull/12725/files, 99, 2014.1
https://github.com/saltstack/salt/pull/12725/files, https://github.com/saltstack/salt/pull/12729/files, 96, 2014.1
https://github.com/saltstack/salt/pull/9792/files, https://github.com/saltstack/salt/pull/9787/files, 75, 0.17
https://github.com/saltstack/salt/pull/9755/files, https://github.com/saltstack/salt/pull/9747/files, 79, 2014.1
https://github.com/saltstack/salt/pull/9748/files, https://github.com/saltstack/salt/pull/9747/files, 23, 2014.1
