https://github.com/ansible/ansible/pull/71541/files, https://github.com/ansible/ansible/pull/71537/files, 8, stable-2.8
https://github.com/ansible/ansible/pull/71540/files, https://github.com/ansible/ansible/pull/71537/files, 3, stable-2.9
https://github.com/ansible/ansible/pull/71539/files, https://github.com/ansible/ansible/pull/71537/files, 3, stable-2.10
https://github.com/ansible/ansible/pull/71514/files, https://github.com/ansible/ansible/pull/71260/files, 53, stable-2.10
https://github.com/ansible/ansible/pull/71403/files, https://github.com/ansible/ansible/pull/71398/files, 0, stable-2.8
https://github.com/ansible/ansible/pull/71390/files, https://github.com/ansible/ansible/pull/71370/files, 1, stable-2.10
https://github.com/ansible/ansible/pull/71379/files, https://github.com/ansible/ansible/pull/71270/files, 100, stable-2.10
https://github.com/ansible/ansible/pull/71288/files, https://github.com/ansible/ansible/pull/65392/files, 1, stable-2.9
https://github.com/ansible/ansible/pull/71285/files, https://github.com/ansible/ansible/pull/71080/files, 8, stable-2.10
https://github.com/ansible/ansible/pull/71260/files, https://github.com/ansible/ansible/pull/71242/files, 48, stable-2.10
https://github.com/ansible/ansible/pull/71244/files, https://github.com/ansible/ansible/pull/71207/files, 8, stable-2.9
https://github.com/ansible/ansible/pull/71243/files, https://github.com/ansible/ansible/pull/71207/files, 3, stable-2.10
https://github.com/ansible/ansible/pull/71239/files, https://github.com/ansible/ansible/pull/71057/files, 89, stable-2.9
https://github.com/ansible/ansible/pull/71238/files, https://github.com/ansible/ansible/pull/71057/files, 25, stable-2.10